Weather,What's the weather today?
Weather,How is the weather today?
Weather,What is today's weather like?
Weather,How hot is it today?
Weather,Will be raining today?
Weather,What's the 5 day forecast?
Weather,What's the 10 day forecast?
Weather,How likely is it to rain today?
Weather,What is the weather like today?
Weather,Today's weather please?
Traffic,How is the traffic today?
Traffic,What's the traffic like today?
Traffic,Is the traffic today heavy?
Traffic,How delayed is the traffic today?
Traffic,How bad is the traffic today?
Traffic,Is the traffic bad today?
Traffic,How congested is the traffic today?
Traffic,Is it bad today for traffic?
Traffic,Today's Traffic Please?
Traffic,How is today's traffic?