Report,How many closed deals this year?
Report,How many closed deals this quarter?
Report,How many closed deals this month?
Report,How many closed deals this week?
Report,How many open deals this year?
Report,How many open deals this quarter?
Report,How many open deals this month?
Report,How many open deals this week?
Report,How many Open Opportunities this year?
Report,How many Open Opportunities this quarter?
Report,How many Open Opportunities this month?
Report,How many Open Opportunities this week?
Report,How many Closed Opportunities this year?
Report,How many Closed Opportunities this quarter?
Report,How many Closed Opportunities this month?
Report,How many Closed Opportunities this week?
Report,How many deals are in the open sales stage this year?
Report,How many deals are in the open sales stage this quarter?
Report,How many deals are in the open sales stage this month?
Report,How many deals are in the open sales stage this week?
Report,How many deals are in the proposal sales stage this year?
Report,How many deals are in the proposal sales stage this quarter?
Report,How many deals are in the proposal sales stage this month?
Report,How many deals are in the proposal sales stage this week?
Report,How many current customers do I have this year?
Report,How many current customers do I have this quarter?
Report,How many current customers do I have this week?
Report,How many current customers do I have this month?
Report,How many of my deals are in this state/city?
Report,What is my worst performing product this year?
Report,What is my worst performing product this quarter?
Report,What is my worst performing product this month?
Report,What is my worst performing product this week?
Report,What is my top performing product this year?
Report,What is my top performing product this quarter?
Report,What is my top performing product this month?
Report,What is my top performing product this week?
Report,How many customers did I lose this year?
Report,How many customers did I lose this quarter?
Report,How many customers did I lose this month?
Report,How many customers did I lose this week?
Sales Rep Performance,How many deals do I have in my pipeline this year?
Sales Rep Performance,How many deals do I have in my pipeline this quarter?
Sales Rep Performance,How many deals do I have in my pipeline this month?
Sales Rep Performance,How many deals do I have in my pipeline this week?
Sales Rep Performance,How is my progress towards my annual quota?
Sales Rep Performance,How is my progress towards my monthly quota?
Sales Rep Performance,How is my progress towards my weekly quota?
Sales Rep Performance,How many deals have I closed/won this year?
Sales Rep Performance,How many deals have I closed/won this quarter?
Sales Rep Performance,How many deals have I closed/won this month?
Sales Rep Performance,How many deals have I closed/won this week?
Sales Rep Performance,How many deals have I lost this year?
Sales Rep Performance,How many deals have I lost this quarter?
Sales Rep Performance,How many deals have I lost this month?
Sales Rep Performance,How many deals have I lost this week?
Sales Rep Performance,How many appointments have I logged this month?
Sales Rep Performance,How many appointments have I logged this week?
Sales Rep Performance,How many calls have I had this month?
Sales Rep Performance,What are my pending tasks this month?
Sales Rep Performance,How many completed tasks do I have this month?
Revenue Breakdown,What is my forecasted revenue this month?
Revenue Breakdown,What is my revenue this month?
Revenue Breakdown,What is the win probability of my leads this month?
Revenue Breakdown,Which sales team is performing best this month?
Revenue Breakdown,Which sales team is performing the worst this month?
Revenue Breakdown,What was the company's profit?
Revenue Breakdown,What's my sales for last week?
Revenue Breakdown,What was my last sales quarter?
Revenue Breakdown,What was my sales last year?
Revenue Breakdown,How many did I make in sales last year?
Revenue Breakdown,How much did I make last year
Revenue Breakdown,How much will we make this month?
Revenue Breakdown,How many deals have we closed?
Revenue Breakdown,What's our profit?
Sales Rep Performance,Who are my best sales people?
Lead Conversion,How many customers did I onboard this month?
Lead Conversion,How many customers were brought on this month?
Lead Conversion,How many leads were converted?
Lead Conversion,How many leads were onboarded?
Lead Conversion,How many customers were brought on?
Lead Conversion,How many leads converted into opportunities this month?
Lead Conversion,How many opportunities converted into accounts this month?
Lead Conversion,How many new leads did I add this month?
Lead Conversion,How many people did we convert?
Lead Conversion,How many people are interested in our product?
Lead Conversion,Who are my valuable clients?
Lead Conversion,Who are my returning clients?
Sales Rep Performance,How many calls have we made to clients this week?
Sales Rep Performance,What tasks do I have to accomplish?
Sales Rep Performance,How many tasks do I have to finish?
Sales Rep Performance,How many calls did I make this month?
Sales Rep Performance,How many calls are backlogged?
Sales Rep Performance,How many deals have I closed this month?
Sales Rep Performance,How many deals have I won this month?
Lead Conversion,How many people did we get through email?
Sales Rep Performance,Who's our top sales team?
Sales Rep Performance,Who's our worst sales team?
Sales Rep Performance,How many potential sales can we get?
Sales Rep Performance,How many deals are pending?
Report,How many deals did we close?