What's the traffic like today?,How is the traffic today?
What's the traffic like today?,What's the traffic like today?
Is the traffic today heavy?,Is the traffic today heavy?
Is the traffic today heavy?,How delayed is the traffic today?
Is the traffic today heavy?,How bad is the traffic today?
Is the traffic today heavy?,Is the traffic bad today?
Is the traffic today heavy?,How congested is the traffic today?
Is the traffic today heavy?,Is it bad today for traffic?
What's the traffic like today?,Today's Traffic Please?
What's the traffic like today?,How is today's traffic?
